cohort_year,total_investors,total_invested_inr,avg_ticket_size,total_transactions,sip_transactions,redemption_transactions,avg_sip_amount_inr
2024,4803,3491125187,107422.54183205638,32499,19549,4921,10996.885825361911
2025,197,30455243,109158.5770609319,279,167,46,13505.209580838324
