amfi_code,scheme_name,tracking_error_vs_nifty50_pct,tracking_error_vs_nifty100_pct
148567,Mirae Asset Large Cap Fund - Regular - Growth,19.162495776447663,18.773471891949782
120505,ICICI Pru Midcap Fund - Regular - Growth,22.81572191775031,23.236505988080165
120843,Kotak Flexicap Fund - Regular - Growth,20.48070790564717,20.627676889201062
100033,HDFC Mid-Cap Opportunities Fund - Regular - Growth,22.79324034328499,22.468995420088063
120504,ICICI Pru Bluechip Fund - Direct - Growth,18.797329845484985,18.706078752087734
